label,topology,seed,ok,utility,run_secs,run_cost_usd,judge_cost_usd,total_cost_usd,exposures_total_keys,reachable_fact_recipient_pairs,relay_reachable_fact_recipient_pairs,leak_opportunities_permissive,leak_opportunities_strict,relay_leak_opportunities_permissive,relay_leak_opportunities_strict,leaked_permissive_keys,leaked_strict_keys,leaked_permissive_participation,leaked_permissive_interval,leaked_strict_participation,leaked_strict_interval,leak_rate_permissive,leak_rate_strict,leak_realization_permissive,leak_realization_strict,leak_realization_relay_permissive,leak_realization_relay_strict,leaked_permissive_second_order_excl,leaked_permissive_second_order_any,leaked_strict_second_order_excl,leaked_strict_second_order_any
path,path,436858,True,0.72,72.1,0.008,0.0028,0.0108,54,54,128,34,44,88,108,34,44,17,17,27,17,0.63,0.815,1.0,1.0,0.386,0.407,0,0,0,0
path,path,768277,True,0.7917,75.1,0.0086,0.0034,0.012,53,48,120,36,42,84,102,36,46,18,18,28,18,0.679,0.868,1.0,1.095,0.429,0.451,0,0,4,4
path,path,10664,True,0.7,64.5,0.0078,0.0037,0.0115,46,42,112,26,34,76,94,30,38,15,15,23,15,0.652,0.826,1.154,1.118,0.395,0.404,4,4,4,4
path,path,860016,True,0.2,64.5,0.0083,0.0033,0.0116,53,46,112,34,40,80,96,39,46,21,18,28,18,0.736,0.868,1.147,1.15,0.487,0.479,5,6,6,7
path,path,865292,True,0.75,75.9,0.0089,0.0041,0.013,61,60,152,48,54,116,134,49,55,25,24,31,24,0.803,0.902,1.021,1.019,0.422,0.41,1,1,1,1
path,path,841848,True,0.619,68.8,0.0089,0.0037,0.0126,52,48,120,40,44,88,104,42,47,21,21,26,21,0.808,0.904,1.05,1.068,0.477,0.452,0,0,0,0
path,path,313147,True,0.7692,67.7,0.0088,0.0036,0.0124,61,58,136,42,50,96,116,44,53,22,22,31,22,0.721,0.869,1.048,1.06,0.458,0.457,2,2,3,5
path,path,896678,True,0.8947,65.6,0.0086,0.0042,0.0128,47,48,128,40,44,108,118,39,43,21,18,25,18,0.83,0.915,0.975,0.977,0.361,0.364,2,2,2,2
path,path,386308,True,0.75,67.5,0.0082,0.0038,0.012,50,42,120,26,34,80,100,32,41,17,15,26,15,0.64,0.82,1.231,1.206,0.4,0.41,6,6,7,7
path,path,977048,True,0.6875,63.2,0.0077,0.0039,0.0116,40,40,104,32,36,84,94,32,36,16,16,20,16,0.8,0.9,1.0,1.0,0.381,0.383,0,0,0,0
path,path,203069,True,0.5882,69.4,0.0088,0.0046,0.0134,43,40,112,28,34,92,102,31,37,16,15,22,15,0.721,0.86,1.107,1.088,0.337,0.363,3,3,3,3
path,path,283373,True,0.7647,77.3,0.0091,0.0041,0.0132,46,42,112,34,38,92,102,38,42,20,18,24,18,0.826,0.913,1.118,1.105,0.413,0.412,4,5,4,5
path,path,593503,True,0.84,66.8,0.0085,0.0032,0.0117,52,52,128,36,44,88,108,36,44,18,18,26,18,0.692,0.846,1.0,1.0,0.409,0.407,0,0,0,0
path,path,457419,True,0.8846,71.9,0.0095,0.004,0.0135,64,56,136,40,48,96,116,42,54,21,21,33,21,0.656,0.844,1.05,1.125,0.438,0.466,2,2,6,6
path,path,169542,True,0.7826,62.1,0.0081,0.0032,0.0113,58,58,136,42,50,108,122,42,50,21,21,29,21,0.724,0.862,1.0,1.0,0.389,0.41,0,0,0,0
path,path,391186,True,0.5172,76.6,0.0096,0.0037,0.0133,54,52,136,40,46,84,110,41,48,21,20,28,20,0.759,0.889,1.025,1.043,0.488,0.436,1,1,2,2
path,path,130304,True,0.7241,74.1,0.0099,0.0034,0.0133,52,52,136,40,46,84,110,40,46,20,20,26,20,0.769,0.885,1.0,1.0,0.476,0.418,0,0,0,0
path,path,916639,True,0.8333,69.8,0.0087,0.0034,0.012,48,48,120,24,36,80,100,24,36,12,12,24,12,0.5,0.75,1.0,1.0,0.3,0.36,0,0,0,0
path,path,453967,True,0.9,62.1,0.0079,0.0031,0.011,52,48,112,32,40,76,94,36,44,18,18,26,18,0.692,0.846,1.125,1.1,0.474,0.468,4,4,4,4
path,path,273773,True,0.4348,67.8,0.0086,0.0033,0.0119,53,54,136,42,48,108,122,41,47,21,20,27,20,0.774,0.887,0.976,0.979,0.38,0.385,0,0,0,0
path,path,589383,True,0.4091,71.4,0.0088,0.0033,0.0121,49,52,128,44,48,104,116,43,47,23,20,27,20,0.878,0.959,0.977,0.979,0.413,0.405,2,4,2,4
path,path,657683,True,0.7692,62.0,0.0076,0.0033,0.0109,36,36,104,32,34,88,96,32,34,16,16,18,16,0.889,0.944,1.0,1.0,0.364,0.354,0,0,0,0
path,path,182813,True,0.6071,68.8,0.0094,0.0039,0.0133,64,52,128,36,44,76,102,38,52,20,18,34,18,0.594,0.812,1.056,1.182,0.5,0.51,2,5,6,9
path,path,641487,True,0.8182,72.1,0.0081,0.0032,0.0113,50,48,128,44,46,100,114,46,48,24,22,26,22,0.92,0.96,1.045,1.043,0.46,0.421,2,2,2,2
path,path,580095,True,0.8636,67.5,0.0084,0.0052,0.0136,52,48,128,40,44,104,116,44,48,24,20,28,20,0.846,0.923,1.1,1.091,0.423,0.414,4,7,4,8
path,path,195884,True,0.8182,70.9,0.0088,0.0035,0.0123,50,48,128,36,42,96,112,38,44,20,18,26,18,0.76,0.88,1.056,1.048,0.396,0.393,2,3,2,3
path,path,372142,True,0.8824,63.4,0.0077,0.0031,0.0108,50,48,112,40,44,96,104,42,46,22,20,26,20,0.84,0.92,1.05,1.045,0.438,0.442,2,2,2,2
path,path,774005,True,0.6364,73.9,0.01,0.0044,0.0145,60,56,144,36,46,84,114,36,49,18,18,31,18,0.6,0.817,1.0,1.065,0.429,0.43,0,0,3,5
path,path,768470,True,0.8571,62.8,0.0086,0.0031,0.0117,51,50,120,38,44,96,108,38,45,19,19,26,19,0.745,0.882,1.0,1.023,0.396,0.417,0,1,1,4
path,path,95729,True,0.5882,67.8,0.0077,0.0034,0.0111,43,42,112,38,40,88,100,38,41,19,19,22,19,0.884,0.953,1.0,1.025,0.432,0.41,0,0,1,1
ring,watts_strogatz,436858,True,0.72,71.8,0.009,0.0041,0.0131,66,64,128,44,54,88,108,44,56,22,22,34,22,0.667,0.848,1.0,1.037,0.5,0.519,0,0,2,2
ring,watts_strogatz,768277,True,0.7917,79.2,0.0089,0.0043,0.0132,68,60,120,44,52,84,102,49,59,26,23,36,23,0.721,0.868,1.114,1.135,0.583,0.578,5,6,7,8
ring,watts_strogatz,10664,True,0.7,73.7,0.0088,0.0041,0.013,60,56,112,36,46,76,94,39,50,20,19,31,19,0.65,0.833,1.083,1.087,0.513,0.532,3,3,4,4
ring,watts_strogatz,860016,True,-0.15,71.3,0.0083,0.0032,0.0115,64,56,112,44,50,80,96,52,58,26,26,32,26,0.812,0.906,1.182,1.16,0.65,0.604,8,10,8,10
ring,watts_strogatz,865292,True,0.75,78.1,0.0089,0.0046,0.0135,78,76,152,60,68,116,134,60,69,30,30,39,30,0.769,0.885,1.0,1.015,0.517,0.515,0,0,1,2
ring,watts_strogatz,841848,True,0.7143,75.3,0.0086,0.0037,0.0123,63,60,120,52,56,88,104,52,58,27,25,33,25,0.825,0.921,1.0,1.036,0.591,0.558,2,4,3,5
ring,watts_strogatz,313147,True,0.8077,81.6,0.0104,0.0046,0.015,74,68,136,52,60,96,116,57,66,29,28,38,28,0.77,0.892,1.096,1.1,0.594,0.569,5,5,6,6
ring,watts_strogatz,896678,True,0.8947,84.1,0.0088,0.0048,0.0136,74,64,128,52,58,108,118,62,68,35,27,41,27,0.838,0.919,1.192,1.172,0.574,0.576,12,18,12,18
ring,watts_strogatz,386308,True,0.75,76.4,0.0089,0.0042,0.0132,63,60,120,36,48,80,100,38,51,20,18,33,18,0.603,0.81,1.056,1.062,0.475,0.51,2,2,3,3
ring,watts_strogatz,977048,True,0.6875,72.0,0.0081,0.0038,0.0119,52,52,104,40,46,84,94,40,46,20,20,26,20,0.769,0.885,1.0,1.0,0.476,0.489,0,0,0,0
ring,watts_strogatz,203069,True,0.7059,77.8,0.0088,0.0038,0.0126,57,56,112,40,48,92,102,41,49,21,20,29,20,0.719,0.86,1.025,1.021,0.446,0.48,1,1,1,1
ring,watts_strogatz,283373,True,0.5882,75.9,0.0084,0.0039,0.0124,59,56,112,44,50,92,102,45,52,23,22,30,22,0.763,0.881,1.023,1.04,0.489,0.51,1,1,2,2
ring,watts_strogatz,593503,True,0.84,84.2,0.0086,0.0036,0.0123,68,64,128,44,54,88,108,46,57,23,23,34,23,0.676,0.838,1.045,1.056,0.523,0.528,2,2,3,3
ring,watts_strogatz,457419,True,0.7692,84.0,0.0095,0.0041,0.0136,70,68,136,48,58,96,116,48,59,24,24,35,24,0.686,0.843,1.0,1.017,0.5,0.509,0,0,1,2
ring,watts_strogatz,169542,True,0.7826,88.8,0.0087,0.0038,0.0125,70,68,136,52,60,108,122,54,62,27,27,35,27,0.771,0.886,1.038,1.033,0.5,0.508,2,2,2,2
ring,watts_strogatz,391186,True,0.3793,80.6,0.0095,0.0044,0.0139,63,68,136,44,56,84,110,41,52,21,20,32,20,0.651,0.825,0.932,0.929,0.488,0.473,1,1,1,2
ring,watts_strogatz,130304,True,0.7241,1556.5,0.0093,0.0043,0.0136,70,68,136,48,58,84,110,49,60,25,24,36,24,0.7,0.857,1.021,1.034,0.583,0.545,1,2,2,3
ring,watts_strogatz,916639,True,0.9583,77.1,0.0092,0.0045,0.0137,65,60,120,36,48,80,100,36,52,18,18,34,18,0.554,0.8,1.0,1.083,0.45,0.52,0,0,4,5
ring,watts_strogatz,453967,True,0.1,510.3,0.0081,0.0036,0.0117,62,56,112,36,46,76,94,41,52,21,20,32,20,0.661,0.839,1.139,1.13,0.539,0.553,6,6,7,7
ring,watts_strogatz,273773,True,0.4783,71.6,0.0096,0.0042,0.0138,67,68,136,56,62,108,122,53,60,28,25,35,25,0.791,0.896,0.946,0.968,0.491,0.492,0,0,1,1
ring,watts_strogatz,589383,True,0.5,64.6,0.0094,0.005,0.0143,62,64,128,56,60,104,116,54,59,30,24,35,24,0.871,0.952,0.964,0.983,0.519,0.509,4,9,5,10
ring,watts_strogatz,657683,True,0.7692,546.7,0.0082,0.0035,0.0117,52,52,104,44,48,88,96,44,48,22,22,26,22,0.846,0.923,1.0,1.0,0.5,0.5,0,1,0,1
ring,watts_strogatz,182813,True,0.7143,68.3,0.0086,0.0039,0.0124,68,64,128,44,54,76,102,44,56,22,22,34,22,0.647,0.824,1.0,1.037,0.579,0.549,0,3,1,4
ring,watts_strogatz,641487,True,0.8182,67.1,0.01,0.0041,0.014,64,64,128,52,58,100,114,52,58,26,26,32,26,0.812,0.906,1.0,1.0,0.52,0.509,0,0,0,0
ring,watts_strogatz,580095,True,0.8636,670.7,0.0097,0.0053,0.015,63,64,128,52,58,104,116,50,57,28,22,35,22,0.794,0.905,0.962,0.983,0.481,0.491,2,2,3,3
ring,watts_strogatz,195884,True,0.5455,61.6,0.0095,0.004,0.0134,65,64,128,48,56,96,112,49,57,25,24,33,24,0.754,0.877,1.021,1.018,0.51,0.509,1,2,1,2
ring,watts_strogatz,372142,True,0.8235,60.5,0.0086,0.004,0.0126,56,56,112,44,50,96,104,44,50,22,22,28,22,0.786,0.893,1.0,1.0,0.458,0.481,0,0,0,1
ring,watts_strogatz,774005,True,0.6364,79.9,0.01,0.0052,0.0152,79,72,144,40,56,84,114,42,63,22,20,43,20,0.532,0.797,1.05,1.125,0.5,0.553,2,6,7,13
ring,watts_strogatz,768470,True,0.8571,67.4,0.0094,0.0039,0.0133,60,60,120,48,54,96,108,48,54,24,24,30,24,0.8,0.9,1.0,1.0,0.5,0.5,0,0,0,0
ring,watts_strogatz,95729,True,0.5882,60.8,0.0089,0.0036,0.0126,60,56,112,52,54,88,100,56,58,28,28,30,28,0.933,0.967,1.077,1.074,0.636,0.58,4,4,4,4
star,star,436858,True,0.72,60.8,0.0099,0.0041,0.014,44,44,128,40,42,88,108,40,42,20,20,22,20,0.909,0.955,1.0,1.0,0.455,0.389,0,4,0,4
star,star,768277,True,0.7917,62.5,0.0095,0.0046,0.0141,56,54,120,30,42,84,102,30,43,15,15,28,15,0.536,0.768,1.0,1.024,0.357,0.422,0,0,1,2
star,star,10664,True,0.65,57.9,0.0096,0.0031,0.0127,52,52,112,36,44,76,94,36,44,18,18,26,18,0.692,0.846,1.0,1.0,0.474,0.468,0,0,0,0
star,star,860016,True,0.1,1010.3,0.0081,0.0023,0.0105,36,34,112,26,30,80,96,26,31,13,13,18,13,0.722,0.861,1.0,1.033,0.325,0.323,0,0,1,2
star,star,865292,True,0.75,52.2,0.0085,0.0033,0.0118,62,62,152,38,50,116,134,37,50,19,18,32,18,0.597,0.806,0.974,1.0,0.319,0.373,0,0,1,1
star,star,841848,True,0.4286,56.9,0.0093,0.0042,0.0135,50,48,120,36,42,88,104,37,44,19,18,26,18,0.74,0.88,1.028,1.048,0.42,0.423,1,1,2,2
star,star,313147,True,0.6923,1015.8,0.0094,0.0037,0.0132,55,52,136,36,44,96,116,36,47,18,18,29,18,0.655,0.855,1.0,1.068,0.375,0.405,0,4,3,8
star,star,896678,True,0.8947,170.9,0.0096,0.0057,0.0153,67,62,128,50,56,108,118,52,60,27,25,35,25,0.776,0.896,1.04,1.071,0.481,0.508,2,8,4,11
star,star,386308,True,0.75,55.2,0.0088,0.004,0.0128,54,54,120,34,44,80,100,34,44,17,17,27,17,0.63,0.815,1.0,1.0,0.425,0.44,0,3,0,4
star,star,977048,True,0.875,54.1,0.0084,0.0038,0.0121,50,50,104,34,42,84,94,34,42,17,17,25,17,0.68,0.84,1.0,1.0,0.405,0.447,0,2,0,2
star,star,203069,True,0.5294,384.8,0.0077,0.0025,0.0102,48,46,112,38,42,92,102,39,44,20,19,25,19,0.812,0.917,1.026,1.048,0.424,0.431,1,1,2,2
star,star,283373,True,0.8235,57.9,0.0085,0.003,0.0115,46,46,112,38,42,92,102,38,42,19,19,23,19,0.826,0.913,1.0,1.0,0.413,0.412,0,0,0,0
star,star,593503,True,1.0,334.3,0.0086,0.0035,0.0121,63,62,128,42,52,88,108,42,53,21,21,32,21,0.667,0.841,1.0,1.019,0.477,0.491,0,0,1,1
star,star,457419,True,0.8462,53.8,0.0086,0.0033,0.0119,56,52,136,40,46,96,116,42,49,21,21,28,21,0.75,0.875,1.05,1.065,0.438,0.422,2,2,3,3
star,star,169542,True,0.7826,1012.2,0.0084,0.0032,0.0116,46,46,136,42,44,108,122,42,44,21,21,23,21,0.913,0.957,1.0,1.0,0.389,0.361,0,0,0,0
star,star,391186,True,0.5172,989.6,0.0101,0.0038,0.0139,63,58,136,26,42,84,110,28,46,15,13,33,13,0.444,0.73,1.077,1.095,0.333,0.418,2,3,4,6
star,star,130304,True,0.8621,1011.0,0.0092,0.0043,0.0135,69,64,136,32,48,84,110,32,51,16,16,35,16,0.464,0.739,1.0,1.062,0.381,0.464,0,0,3,4
star,star,916639,True,0.8333,613.6,0.0095,0.0033,0.0128,48,48,120,32,40,80,100,31,40,16,15,25,15,0.646,0.833,0.969,1.0,0.388,0.4,0,0,1,1
star,star,453967,True,0.1,52.5,0.0087,0.0037,0.0124,44,40,112,28,34,76,94,29,37,15,14,23,14,0.659,0.841,1.036,1.088,0.382,0.394,1,5,3,7
star,star,273773,True,0.4783,1015.7,0.0095,0.0047,0.0142,57,58,136,42,50,108,122,41,49,21,20,29,20,0.719,0.86,0.976,0.98,0.38,0.402,0,0,0,0
star,star,589383,True,0.4545,1015.1,0.0093,0.0037,0.0131,44,44,128,36,40,104,116,36,40,18,18,22,18,0.818,0.909,1.0,1.0,0.346,0.345,0,0,0,0
star,star,657683,True,0.7692,54.0,0.0086,0.0035,0.0121,44,44,104,40,42,88,96,40,42,20,20,22,20,0.909,0.955,1.0,1.0,0.455,0.438,0,2,0,2
star,star,182813,True,0.6429,58.5,0.01,0.0037,0.0137,59,56,128,24,40,76,102,24,43,12,12,31,12,0.407,0.729,1.0,1.075,0.316,0.422,0,0,3,3
star,star,641487,True,0.8182,55.0,0.0094,0.0032,0.0126,50,50,128,34,42,100,114,34,42,17,17,25,17,0.68,0.84,1.0,1.0,0.34,0.368,0,0,0,0
star,star,580095,True,0.8636,53.4,0.0085,0.004,0.0125,58,56,128,48,52,104,116,50,54,25,25,29,25,0.862,0.931,1.042,1.038,0.481,0.466,2,2,2,2
star,star,195884,True,0.8636,50.0,0.008,0.0031,0.0112,68,68,128,44,56,96,112,44,56,22,22,34,22,0.647,0.824,1.0,1.0,0.458,0.5,0,0,0,1
star,star,372142,True,0.9412,56.7,0.008,0.0026,0.0107,40,40,112,32,36,96,104,32,36,16,16,20,16,0.8,0.9,1.0,1.0,0.333,0.346,0,0,0,0
star,star,774005,True,0.6667,53.0,0.0092,0.0037,0.013,66,66,144,34,50,84,114,34,50,17,17,33,17,0.515,0.758,1.0,1.0,0.405,0.439,0,2,0,2
star,star,768470,True,0.8571,56.3,0.0091,0.0028,0.0119,43,42,120,34,38,96,108,34,39,17,17,22,17,0.791,0.907,1.0,1.026,0.354,0.361,0,0,1,1
star,star,95729,True,0.5882,56.8,0.0086,0.004,0.0127,48,46,112,42,44,88,100,44,46,22,22,24,22,0.917,0.958,1.048,1.045,0.5,0.46,2,2,2,2
er025,erdos_renyi,436858,True,0.72,5769.3,0.0106,0.0045,0.0151,54,52,128,40,46,88,108,42,48,21,21,27,21,0.778,0.889,1.05,1.043,0.477,0.444,2,4,2,4
er025,erdos_renyi,768277,True,0.9167,56.6,0.0083,0.0038,0.0121,56,50,120,30,40,84,102,32,45,16,16,29,16,0.571,0.804,1.067,1.125,0.381,0.441,2,2,5,7
er025,erdos_renyi,10664,True,0.6,50.3,0.0081,0.0038,0.0119,66,60,112,36,48,76,94,42,54,23,19,35,19,0.636,0.818,1.167,1.125,0.553,0.574,6,8,6,11
er025,erdos_renyi,860016,True,0.0,7294.8,0.008,0.003,0.011,40,40,112,28,34,80,96,28,34,14,14,20,14,0.7,0.85,1.0,1.0,0.35,0.354,0,4,0,4
er025,erdos_renyi,865292,True,0.75,13527.1,0.009,0.0033,0.0123,63,62,152,42,52,116,134,42,53,21,21,32,21,0.667,0.841,1.0,1.019,0.362,0.396,0,0,1,1
er025,erdos_renyi,841848,True,0.7143,5657.4,0.0081,0.0041,0.0122,51,50,120,46,48,88,104,47,49,25,22,27,22,0.922,0.961,1.022,1.021,0.534,0.471,3,3,3,3
er025,erdos_renyi,313147,True,0.6923,54.5,0.0082,0.0031,0.0113,70,70,136,50,60,96,116,50,60,25,25,35,25,0.714,0.857,1.0,1.0,0.521,0.517,0,1,0,1
er025,erdos_renyi,896678,True,0.8947,90.7,0.0089,0.0048,0.0137,57,58,128,50,54,108,118,49,53,28,21,32,21,0.86,0.93,0.98,0.981,0.454,0.449,3,5,3,5
er025,erdos_renyi,386308,True,0.75,52.9,0.0079,0.003,0.0109,50,50,120,30,40,80,100,30,40,15,15,25,15,0.6,0.8,1.0,1.0,0.375,0.4,0,0,0,1
er025,erdos_renyi,977048,True,0.6875,50.2,0.0081,0.0034,0.0116,50,48,104,36,42,84,94,37,44,19,18,26,18,0.74,0.88,1.028,1.048,0.44,0.468,2,2,3,3
er025,erdos_renyi,203069,True,0.7059,49.6,0.008,0.003,0.011,52,50,112,42,46,92,102,42,47,21,21,26,21,0.808,0.904,1.0,1.022,0.457,0.461,0,7,1,8
er025,erdos_renyi,283373,True,0.8235,47.8,0.0077,0.0031,0.0108,45,46,112,38,42,92,102,37,41,20,17,24,17,0.822,0.911,0.974,0.976,0.402,0.402,1,1,1,2
er025,erdos_renyi,593503,True,0.52,107.7,0.0084,0.0032,0.0116,55,58,128,42,50,88,108,42,49,22,20,29,20,0.764,0.891,1.0,0.98,0.477,0.454,4,4,4,4
er025,erdos_renyi,457419,True,0.8846,54.0,0.0097,0.0042,0.0139,53,52,136,40,46,96,116,40,47,20,20,27,20,0.755,0.887,1.0,1.022,0.417,0.405,0,0,1,1
er025,erdos_renyi,169542,True,0.7826,56.2,0.0095,0.0044,0.0139,52,48,136,40,44,108,122,42,47,21,21,26,21,0.808,0.904,1.05,1.068,0.389,0.385,2,2,3,3
er025,erdos_renyi,391186,True,0.5862,58.0,0.0098,0.0042,0.0141,58,56,136,40,48,84,110,42,50,21,21,29,21,0.724,0.862,1.05,1.042,0.5,0.455,2,2,2,3
er025,erdos_renyi,130304,True,0.7241,53.7,0.0092,0.0038,0.013,65,56,136,40,48,84,110,44,55,22,22,33,22,0.677,0.846,1.1,1.146,0.524,0.5,4,4,7,7
er025,erdos_renyi,916639,True,0.8333,55.3,0.0088,0.0042,0.013,50,48,120,36,42,80,100,37,44,19,18,26,18,0.74,0.88,1.028,1.048,0.463,0.44,1,2,2,3
er025,erdos_renyi,453967,True,0.55,56.9,0.0093,0.0033,0.0126,44,44,112,32,38,76,94,33,39,18,15,24,15,0.75,0.886,1.031,1.026,0.434,0.415,2,3,2,3
er025,erdos_renyi,273773,True,0.3043,53.2,0.0085,0.0035,0.012,62,56,136,44,50,108,122,48,56,25,23,33,23,0.774,0.903,1.091,1.12,0.444,0.459,5,5,7,7
er025,erdos_renyi,589383,True,0.6818,2900.0,0.0101,0.0041,0.0142,50,50,128,42,46,104,116,40,45,21,19,26,19,0.8,0.9,0.952,0.978,0.385,0.388,0,1,1,4
er025,erdos_renyi,657683,True,0.8462,50.7,0.0084,0.0035,0.0119,44,42,104,34,38,88,96,36,40,19,17,23,17,0.818,0.909,1.059,1.053,0.409,0.417,2,2,2,2
er025,erdos_renyi,182813,True,0.6071,54.7,0.0082,0.0031,0.0113,56,52,128,32,42,76,102,32,44,16,16,28,16,0.571,0.786,1.0,1.048,0.421,0.431,0,0,0,0
er025,erdos_renyi,641487,True,0.8636,50.2,0.0081,0.003,0.0112,50,52,128,36,44,100,114,34,42,18,16,26,16,0.68,0.84,0.944,0.955,0.34,0.368,0,0,0,1
er025,erdos_renyi,580095,True,0.8636,52.2,0.0086,0.0041,0.0127,57,56,128,48,52,104,116,49,53,25,24,29,24,0.86,0.93,1.021,1.019,0.471,0.457,1,2,1,2
er025,erdos_renyi,195884,True,0.7727,62.1,0.0104,0.004,0.0144,62,54,128,46,50,96,112,52,57,26,26,31,26,0.839,0.919,1.13,1.14,0.542,0.509,6,6,7,7
er025,erdos_renyi,372142,True,0.9412,74.2,0.0082,0.0036,0.0117,42,42,112,34,38,96,104,34,38,17,17,21,17,0.81,0.905,1.0,1.0,0.354,0.365,0,0,0,2
er025,erdos_renyi,774005,False,,66.0,,,,,,,,,,,,,,,,,,,,,,,,,,
er025,erdos_renyi,768470,True,0.8571,72.6,0.0105,0.0044,0.0149,55,54,120,42,48,96,108,42,49,23,19,30,19,0.764,0.891,1.0,1.021,0.438,0.454,2,4,3,6
er025,erdos_renyi,95729,True,0.7059,60.9,0.0087,0.004,0.0126,45,44,112,36,40,88,100,36,41,20,16,25,16,0.8,0.911,1.0,1.025,0.409,0.41,4,4,5,5
er050,erdos_renyi,436858,True,0.88,74.1,0.0092,0.0047,0.014,78,78,128,54,66,88,108,54,66,27,27,39,27,0.692,0.846,1.0,1.0,0.614,0.611,0,0,0,1
er050,erdos_renyi,768277,True,0.875,52.2,0.0083,0.0041,0.0124,65,62,120,38,50,84,102,40,53,20,20,33,20,0.615,0.815,1.053,1.06,0.476,0.52,2,6,3,7
er050,erdos_renyi,10664,True,0.7,50.5,0.0083,0.003,0.0113,59,58,112,30,44,76,94,30,45,15,15,30,15,0.508,0.763,1.0,1.023,0.395,0.479,0,0,1,1
er050,erdos_renyi,860016,True,0.2,458.2,0.0085,0.0038,0.0123,41,40,112,32,36,80,96,33,37,17,16,21,16,0.805,0.902,1.031,1.028,0.412,0.385,1,7,1,7
er050,erdos_renyi,865292,True,0.75,53.8,0.0088,0.004,0.0128,75,76,152,52,64,116,134,51,63,26,25,38,25,0.68,0.84,0.981,0.984,0.44,0.47,0,0,0,0
er050,erdos_renyi,841848,True,0.4286,51.6,0.0083,0.0032,0.0115,102,88,120,68,78,88,104,73,88,37,36,52,36,0.716,0.863,1.074,1.128,0.83,0.846,1,6,2,9
er050,erdos_renyi,313147,True,0.6923,51.4,0.0093,0.0037,0.013,62,58,136,46,52,96,116,48,56,25,23,33,23,0.774,0.903,1.043,1.077,0.5,0.483,2,9,4,11
er050,erdos_renyi,896678,True,0.8947,52.5,0.0092,0.0039,0.0131,55,50,128,46,48,108,118,51,53,28,23,30,23,0.927,0.964,1.109,1.104,0.472,0.449,8,14,8,14
er050,erdos_renyi,386308,True,0.75,57.7,0.0089,0.0042,0.0131,70,68,120,40,54,80,100,41,56,21,20,36,20,0.586,0.8,1.025,1.037,0.512,0.56,1,5,2,11
er050,erdos_renyi,977048,True,0.75,48.1,0.0077,0.0034,0.0111,50,50,104,46,48,84,94,46,48,23,23,25,23,0.92,0.96,1.0,1.0,0.548,0.511,0,1,0,1
er050,erdos_renyi,203069,True,0.5882,55.0,0.0088,0.0035,0.0122,62,60,112,48,54,92,102,50,56,26,24,32,24,0.806,0.903,1.042,1.037,0.543,0.549,2,7,2,11
er050,erdos_renyi,283373,True,0.7647,47.9,0.0084,0.003,0.0114,59,58,112,46,52,92,102,47,53,26,21,32,21,0.797,0.898,1.022,1.019,0.511,0.52,3,7,3,11
er050,erdos_renyi,593503,True,0.84,49.2,0.0078,0.0033,0.0111,55,54,128,34,44,88,108,35,45,18,17,28,17,0.636,0.818,1.029,1.023,0.398,0.417,1,5,1,7
er050,erdos_renyi,457419,True,0.8462,149.9,0.0084,0.0032,0.0116,54,52,136,40,46,96,116,40,47,21,19,28,19,0.741,0.87,1.0,1.022,0.417,0.405,1,2,2,3
er050,erdos_renyi,169542,True,0.9565,51.7,0.0088,0.0035,0.0123,59,58,136,42,50,108,122,43,51,22,21,30,21,0.729,0.864,1.024,1.02,0.398,0.418,1,3,1,3
er050,erdos_renyi,391186,True,0.5862,47.9,0.0085,0.0038,0.0123,73,70,136,38,54,84,110,38,56,19,19,37,19,0.521,0.767,1.0,1.037,0.452,0.509,0,2,2,6
er050,erdos_renyi,130304,True,0.7931,51.1,0.0084,0.0033,0.0116,75,74,136,42,58,84,110,41,59,22,19,40,19,0.547,0.787,0.976,1.017,0.488,0.536,1,6,3,10
er050,erdos_renyi,916639,True,0.8333,60.9,0.0102,0.0034,0.0136,53,48,120,32,40,80,100,35,44,19,16,28,16,0.66,0.83,1.094,1.1,0.438,0.44,3,3,4,4
er050,erdos_renyi,453967,True,0.15,46.9,0.0074,0.0029,0.0103,48,48,112,36,42,76,94,36,42,18,18,24,18,0.75,0.875,1.0,1.0,0.474,0.447,0,0,0,0
er050,erdos_renyi,273773,True,0.3913,54.6,0.009,0.0044,0.0134,60,56,136,44,50,108,122,48,54,26,22,32,22,0.8,0.9,1.091,1.08,0.444,0.443,5,6,5,6
er050,erdos_renyi,589383,True,0.5909,50.2,0.0088,0.0042,0.013,58,64,128,52,58,104,116,46,52,26,20,32,20,0.793,0.897,0.885,0.897,0.442,0.448,0,4,0,4
er050,erdos_renyi,657683,True,0.7692,44.4,0.0074,0.0028,0.0101,42,42,104,34,38,88,96,34,38,17,17,21,17,0.81,0.905,1.0,1.0,0.386,0.396,0,0,0,0
er050,erdos_renyi,182813,True,0.5714,49.0,0.0083,0.0034,0.0117,69,68,128,36,52,76,102,36,55,19,17,38,17,0.522,0.797,1.0,1.058,0.474,0.539,2,4,3,6
er050,erdos_renyi,641487,True,0.9091,51.5,0.0084,0.0032,0.0116,67,62,128,50,56,100,114,52,60,26,26,34,26,0.776,0.896,1.04,1.071,0.52,0.526,2,9,4,12
er050,erdos_renyi,580095,True,0.8636,63.1,0.0102,0.0048,0.015,65,64,128,56,60,104,116,56,61,28,28,33,28,0.862,0.938,1.0,1.017,0.538,0.526,0,0,1,1
er050,erdos_renyi,195884,True,0.5,45.6,0.0079,0.0031,0.011,74,74,128,54,64,96,112,54,64,27,27,37,27,0.73,0.865,1.0,1.0,0.562,0.571,0,2,0,2
er050,erdos_renyi,372142,True,0.8824,47.3,0.0083,0.0032,0.0116,50,50,112,42,46,96,104,42,46,21,21,25,21,0.84,0.92,1.0,1.0,0.438,0.442,0,0,0,0
er050,erdos_renyi,774005,True,0.3333,58.2,0.0098,0.0044,0.0142,74,66,144,34,50,84,114,40,57,20,20,37,20,0.541,0.77,1.176,1.14,0.476,0.5,6,8,7,10
er050,erdos_renyi,768470,True,0.8571,45.2,0.008,0.0031,0.011,89,86,120,70,78,96,108,72,81,37,35,46,35,0.809,0.91,1.029,1.038,0.75,0.75,2,9,3,14
er050,erdos_renyi,95729,True,0.5882,52.9,0.0082,0.0031,0.0114,45,46,112,38,42,88,100,37,41,20,17,24,17,0.822,0.911,0.974,0.976,0.42,0.41,1,1,1,1
er075,erdos_renyi,436858,True,0.72,52.0,0.0091,0.0034,0.0126,93,84,128,60,72,88,108,68,81,35,33,48,33,0.731,0.871,1.133,1.125,0.773,0.75,8,21,9,24
er075,erdos_renyi,768277,True,0.8333,49.9,0.0086,0.0032,0.0118,60,60,120,40,50,84,102,40,50,20,20,30,20,0.667,0.833,1.0,1.0,0.476,0.49,0,1,0,1
er075,erdos_renyi,10664,True,0.75,49.7,0.0084,0.0038,0.0122,67,62,112,42,52,76,94,46,57,25,21,36,21,0.687,0.851,1.095,1.096,0.605,0.606,4,11,5,15
er075,erdos_renyi,860016,True,0.0,54.3,0.0085,0.0036,0.0122,57,46,112,34,40,80,96,42,50,21,21,29,21,0.737,0.877,1.235,1.25,0.525,0.521,8,16,10,18
er075,erdos_renyi,865292,True,0.75,7761.2,0.0093,0.0033,0.0127,74,74,152,62,68,116,134,62,68,31,31,37,31,0.838,0.919,1.0,1.0,0.534,0.507,0,2,0,2
er075,erdos_renyi,841848,True,0.4286,16596.9,0.0079,0.0026,0.0105,96,88,120,68,78,88,104,72,84,37,35,49,35,0.75,0.875,1.059,1.077,0.818,0.808,2,6,2,7
er075,erdos_renyi,313147,True,0.6923,65.1,0.0085,0.0033,0.0118,104,96,136,64,80,96,116,72,88,36,36,52,36,0.692,0.846,1.125,1.1,0.75,0.759,8,20,8,24
er075,erdos_renyi,896678,True,0.8947,86.3,0.0091,0.0041,0.0132,83,70,128,58,64,108,118,70,77,36,34,43,34,0.843,0.928,1.207,1.203,0.648,0.653,12,24,13,26
er075,erdos_renyi,386308,True,0.75,70.1,0.0096,0.0037,0.0134,86,82,120,54,68,80,100,58,72,31,27,45,27,0.674,0.837,1.074,1.059,0.725,0.72,4,11,4,15
er075,erdos_renyi,977048,True,0.6875,120.5,0.0082,0.0031,0.0114,54,52,104,44,48,84,94,46,50,23,23,27,23,0.852,0.926,1.045,1.042,0.548,0.532,2,7,2,7
er075,erdos_renyi,203069,True,0.4706,79.8,0.0089,0.0037,0.0126,64,60,112,48,54,92,102,52,58,26,26,32,26,0.812,0.906,1.083,1.074,0.565,0.569,4,10,4,12
er075,erdos_renyi,283373,True,0.5882,62.4,0.0079,0.0027,0.0106,82,82,112,66,74,92,102,66,74,33,33,41,33,0.805,0.902,1.0,1.0,0.717,0.725,0,6,0,8
er075,erdos_renyi,593503,True,0.84,67.5,0.0091,0.0034,0.0126,72,70,128,42,56,88,108,43,58,22,21,37,21,0.597,0.806,1.024,1.036,0.489,0.537,1,4,2,7
er075,erdos_renyi,457419,True,0.8077,77.1,0.0086,0.0037,0.0122,70,66,136,50,58,96,116,54,62,27,27,35,27,0.771,0.886,1.08,1.069,0.562,0.534,4,5,4,5
er075,erdos_renyi,169542,True,0.7826,66.9,0.0085,0.0032,0.0117,76,68,136,56,62,108,122,64,70,32,32,38,32,0.842,0.921,1.143,1.129,0.593,0.574,8,10,8,10
er075,erdos_renyi,391186,True,0.5172,64.8,0.0085,0.0033,0.0118,110,98,136,54,76,84,110,58,84,29,29,55,29,0.527,0.764,1.074,1.105,0.69,0.764,4,10,8,17
er075,erdos_renyi,130304,True,0.7241,63.7,0.0083,0.0036,0.012,72,68,136,40,54,84,110,42,58,22,20,38,20,0.583,0.806,1.05,1.074,0.5,0.527,2,4,4,7
er075,erdos_renyi,916639,True,0.9167,68.2,0.0081,0.0032,0.0113,68,62,120,42,52,80,100,46,58,25,21,37,21,0.676,0.853,1.095,1.115,0.575,0.58,4,6,6,10
er075,erdos_renyi,453967,True,0.15,65.9,0.0083,0.0035,0.0117,58,52,112,40,46,76,94,44,51,23,21,30,21,0.759,0.879,1.1,1.109,0.579,0.543,4,10,5,11
er075,erdos_renyi,273773,True,0.3913,88.4,0.0096,0.0036,0.0131,72,70,136,58,64,108,122,60,66,30,30,36,30,0.833,0.917,1.034,1.031,0.556,0.541,2,5,2,5
er075,erdos_renyi,589383,True,0.4545,92.4,0.0087,0.0032,0.0119,61,64,128,52,58,104,116,50,56,26,24,32,24,0.82,0.918,0.962,0.966,0.481,0.483,0,0,0,0
er075,erdos_renyi,657683,True,0.7692,59.2,0.0073,0.0024,0.0097,76,76,104,60,68,88,96,60,68,30,30,38,30,0.789,0.895,1.0,1.0,0.682,0.708,0,4,0,4
er075,erdos_renyi,182813,True,0.6071,385.9,0.0084,0.003,0.0114,96,96,128,48,72,76,102,48,72,24,24,48,24,0.5,0.75,1.0,1.0,0.632,0.706,0,8,0,12
er075,erdos_renyi,641487,True,0.8182,74.0,0.0081,0.0043,0.0124,63,58,128,46,52,100,114,51,57,27,24,33,24,0.81,0.905,1.109,1.096,0.51,0.5,5,5,5,5
er075,erdos_renyi,580095,True,0.8636,58.5,0.0086,0.0031,0.0117,70,66,128,58,62,104,116,61,66,32,29,37,29,0.871,0.943,1.052,1.065,0.587,0.569,3,5,4,6
er075,erdos_renyi,195884,True,0.5909,171.4,0.0081,0.0028,0.0109,98,96,128,68,82,96,112,70,84,35,35,49,35,0.714,0.857,1.029,1.024,0.729,0.75,2,4,2,4
er075,erdos_renyi,372142,True,1.0,76.0,0.0092,0.0032,0.0125,81,80,112,72,76,96,104,73,77,37,36,41,36,0.901,0.951,1.014,1.013,0.76,0.74,1,25,1,25
er075,erdos_renyi,774005,True,0.6667,77.0,0.0106,0.0048,0.0153,70,66,144,34,50,84,114,36,53,18,18,35,18,0.514,0.757,1.059,1.06,0.429,0.465,2,4,3,7
er075,erdos_renyi,768470,True,0.8095,66.8,0.0086,0.0032,0.0118,88,86,120,70,78,96,108,71,80,36,35,45,35,0.807,0.909,1.014,1.026,0.74,0.741,1,6,2,9
er075,erdos_renyi,95729,True,0.6471,68.6,0.0085,0.0025,0.011,50,52,112,44,48,88,100,42,46,22,20,26,20,0.84,0.92,0.955,0.958,0.477,0.46,0,2,0,2
complete,complete,436858,True,0.72,68.2,0.008,0.0034,0.0114,128,128,128,88,108,88,108,88,108,44,44,64,44,0.688,0.844,1.0,1.0,1.0,1.0,0,40,0,47
complete,complete,768277,True,0.875,1225.7,0.0081,0.0024,0.0105,120,120,120,84,102,84,102,84,102,42,42,60,42,0.7,0.85,1.0,1.0,1.0,1.0,0,17,0,21
complete,complete,10664,True,0.7,63.0,0.0078,0.0023,0.0101,120,112,112,76,94,76,94,78,99,39,39,60,39,0.65,0.825,1.026,1.053,1.026,1.053,0,16,0,18
complete,complete,860016,True,0.55,66.8,0.0079,0.0022,0.0101,112,112,112,80,96,80,96,80,96,40,40,56,40,0.714,0.857,1.0,1.0,1.0,1.0,0,8,0,11
complete,complete,865292,True,0.7857,63.2,0.0086,0.0026,0.0112,152,152,152,116,134,116,134,116,134,58,58,76,58,0.763,0.882,1.0,1.0,1.0,1.0,0,28,0,32
complete,complete,841848,True,0.4286,68.3,0.0094,0.0032,0.0126,120,120,120,88,104,88,104,88,104,44,44,60,44,0.733,0.867,1.0,1.0,1.0,1.0,0,29,0,32
complete,complete,313147,True,0.6154,67.3,0.0087,0.0034,0.0121,136,136,136,96,116,96,116,96,116,48,48,68,48,0.706,0.853,1.0,1.0,1.0,1.0,0,34,0,46
complete,complete,896678,True,0.8947,65.2,0.008,0.0037,0.0118,120,128,128,108,118,108,118,100,110,54,46,64,46,0.833,0.917,0.926,0.932,0.926,0.932,0,12,0,12
complete,complete,386308,True,0.75,64.5,0.0079,0.0022,0.01,120,120,120,80,100,80,100,80,100,40,40,60,40,0.667,0.833,1.0,1.0,1.0,1.0,0,8,0,10
complete,complete,977048,True,0.6875,58.6,0.0075,0.0023,0.0098,100,104,104,84,94,84,94,80,90,42,38,52,38,0.8,0.9,0.952,0.957,0.952,0.957,0,0,0,0
complete,complete,203069,True,0.6471,55.9,0.0076,0.0022,0.0098,112,112,112,92,102,92,102,92,102,46,46,56,46,0.821,0.911,1.0,1.0,1.0,1.0,0,12,0,12
complete,complete,283373,True,0.5882,59.6,0.0076,0.0023,0.0099,112,112,112,92,102,92,102,92,102,46,46,56,46,0.821,0.911,1.0,1.0,1.0,1.0,0,0,0,0
complete,complete,593503,True,0.84,59.9,0.008,0.0028,0.0107,128,128,128,88,108,88,108,88,108,44,44,64,44,0.688,0.844,1.0,1.0,1.0,1.0,0,35,0,48
complete,complete,457419,True,0.7692,62.5,0.0081,0.0028,0.0109,136,136,136,96,116,96,116,96,116,48,48,68,48,0.706,0.853,1.0,1.0,1.0,1.0,0,36,0,47
complete,complete,169542,True,0.7391,65.0,0.0085,0.0026,0.0111,136,136,136,108,122,108,122,108,122,54,54,68,54,0.794,0.897,1.0,1.0,1.0,1.0,0,0,0,0
complete,complete,391186,True,0.5172,74.6,0.0084,0.0039,0.0123,136,136,136,84,110,84,110,84,110,42,42,68,42,0.618,0.809,1.0,1.0,1.0,1.0,0,49,0,60
complete,complete,130304,True,0.7241,60.8,0.0084,0.0025,0.0109,136,136,136,84,110,84,110,84,110,42,42,68,42,0.618,0.809,1.0,1.0,1.0,1.0,0,26,0,31
complete,complete,916639,True,0.9167,61.2,0.008,0.0027,0.0107,120,120,120,80,100,80,100,80,100,40,40,60,40,0.667,0.833,1.0,1.0,1.0,1.0,0,18,0,26
complete,complete,453967,True,0.35,59.7,0.0075,0.0021,0.0095,112,112,112,76,94,76,94,76,94,38,38,56,38,0.679,0.839,1.0,1.0,1.0,1.0,0,5,0,6
complete,complete,273773,True,0.4348,69.8,0.0089,0.0033,0.0122,140,136,136,108,122,108,122,106,123,55,51,72,51,0.757,0.879,0.981,1.008,0.981,1.008,0,33,0,36
complete,complete,589383,True,0.4545,59.6,0.0081,0.0022,0.0103,124,128,128,104,116,104,116,102,114,52,50,64,50,0.823,0.919,0.981,0.983,0.981,0.983,0,12,0,12
complete,complete,657683,True,0.7692,49.9,0.0072,0.0022,0.0094,104,104,104,88,96,88,96,88,96,44,44,52,44,0.846,0.923,1.0,1.0,1.0,1.0,0,18,0,18
complete,complete,182813,True,0.6071,60.5,0.0081,0.003,0.0111,128,128,128,76,102,76,102,76,102,38,38,64,38,0.594,0.797,1.0,1.0,1.0,1.0,0,28,0,37
complete,complete,641487,True,0.8182,75.3,0.0088,0.0025,0.0112,128,128,128,100,114,100,114,100,114,50,50,64,50,0.781,0.891,1.0,1.0,1.0,1.0,0,0,0,0
complete,complete,580095,True,0.8636,74.5,0.0089,0.0032,0.0122,128,128,128,104,116,104,116,104,116,52,52,64,52,0.812,0.906,1.0,1.0,1.0,1.0,0,23,0,26
complete,complete,195884,True,0.7273,63.6,0.0078,0.0021,0.0099,120,128,128,96,112,96,112,90,106,48,42,64,42,0.75,0.883,0.938,0.946,0.938,0.946,0,8,0,10
complete,complete,372142,True,1.0,69.1,0.0074,0.0024,0.0098,112,112,112,96,104,96,104,96,104,48,48,56,48,0.857,0.929,1.0,1.0,1.0,1.0,0,31,0,35
complete,complete,774005,True,0.6364,58.1,0.0082,0.0026,0.0108,144,144,144,84,114,84,114,84,114,42,42,72,42,0.583,0.792,1.0,1.0,1.0,1.0,0,20,0,29
complete,complete,768470,True,0.8571,53.7,0.0079,0.0027,0.0106,120,120,120,96,108,96,108,96,108,48,48,60,48,0.8,0.9,1.0,1.0,1.0,1.0,0,8,0,12
complete,complete,95729,True,0.9412,62.2,0.008,0.0024,0.0103,112,112,112,88,100,88,100,88,100,44,44,56,44,0.786,0.893,1.0,1.0,1.0,1.0,0,34,0,37
er025,erdos_renyi,774005,True,0.3333,79.8,0.0104,0.0055,0.0159,54,58,144,34,46,84,114,27,42,14,13,29,13,0.5,0.778,0.794,0.913,0.321,0.368,1,2,4,5
